Date,SP500,GDP,Fed rate,Inflation (% change),Unemployment rate,MACD,RSI
1/1/1958,41.12,467.54,2.72,3.2,5.8,0.145661688,43.69
2/1/1958,41.26,469.0193333,1.67,3.2,6.4,-0.031539185,44.19
3/1/1958,42.11,470.4986667,1.2,2.8,6.7,-0.102206088,47.24
4/1/1958,42.34,471.978,1.26,2.4,7.4,-0.138059576,48.07
5/1/1958,43.7,476.599,0.63,2.4,7.4,-0.056086558,52.79
6/1/1958,44.75,481.22,0.93,2.1,7.3,0.092537163,56.1
7/1/1958,45.98,485.841,0.68,2.4,7.5,0.306045353,59.67
8/1/1958,47.7,490.4123333,1.53,2.1,7.4,0.60704413,64.08
9/1/1958,48.96,494.9836667,1.76,1.7,7.1,0.936464322,66.92
10/1/1958,50.95,499.555,1.8,1.7,6.7,1.342631545,70.85
11/1/1958,52.5,503.1466667,2.27,1.7,6.2,1.769199808,73.5
12/1/1958,53.49,506.7383333,2.42,1.7,6.2,2.16221825,75.05
1/1/1959,55.62,510.33,2.48,1.7,6,2.615412547,78.04
2/1/1959,54.77,514.4376667,2.43,1.7,5.9,2.872867766,74.22
3/1/1959,56.16,518.5453333,2.8,1.7,5.6,3.152721652,76.27
4/1/1959,57.1,522.653,2.96,1.7,5.2,3.411037697,77.56
5/1/1959,57.96,523.4466667,2.9,2,5.1,3.643153828,78.71
6/1/1959,57.46,524.2403333,3.39,2,5,3.743607732,76.27
7/1/1959,59.74,525.034,3.47,2,5.1,3.96152908,79.4
8/1/1959,59.4,526.2226667,3.5,2,5.2,4.05999704,77.75
9/1/1959,57.05,527.4113333,3.76,2.4,5.5,3.903412143,67.34
10/1/1959,57,528.6,3.98,2.7,5.7,3.732259734,67.14
11/1/1959,57.23,533.2826667,4,2,5.8,3.573980671,67.63
12/1/1959,59.06,537.9653333,3.99,2,5.3,3.555226639,71.3
1/1/1960,58.03,542.648,3.99,2,5.2,3.417852664,66.71
2/1/1960,55.78,542.1253333,3.97,2.3,4.8,3.091786414,57.95
3/1/1960,55.02,541.6026667,3.84,2,5.4,2.740460589,55.3
4/1/1960,55.73,541.08,3.92,2,5.2,2.49061317,57.27
5/1/1960,55.22,542.588,3.85,1.7,5.1,2.225796951,55.39
6/1/1960,57.26,544.096,3.32,1.7,5.4,2.155689691,60.91
7/1/1960,55.84,545.604,3.23,1.3,5.5,1.962919734,55.74
8/1/1960,56.51,543.8016667,2.98,1.3,5.6,1.842966978,57.57
9/1/1960,54.81,541.9993333,2.6,1,5.5,1.59237189,51.72
10/1/1960,53.73,540.197,2.47,1,6.1,1.291736173,48.36
11/1/1960,55.47,541.804,2.44,1,6.1,1.180278148,53.59
12/1/1960,56.8,543.411,1.98,1,6.6,1.185599887,57.16
1/1/1961,59.72,545.018,1.45,1,6.6,1.409192704,63.76
2/1/1961,62.17,548.527,2.54,0.7,6.9,1.763754681,68.19
3/1/1961,64.12,552.036,2.02,0.7,6.9,2.17700119,71.21
4/1/1961,65.83,555.545,1.49,1,7,2.612370949,73.57
5/1/1961,66.5,559.5846667,1.98,1,7.1,2.977149297,74.46
6/1/1961,65.62,563.6243333,1.73,1,6.9,3.158817241,71.09
7/1/1961,65.44,567.664,1.17,1.3,7,3.250792784,70.39
8/1/1961,67.79,571.98,2,1.3,6.6,3.47327171,73.99
9/1/1961,67.26,576.296,1.88,1.6,6.7,3.565717915,71.87
10/1/1961,68,580.612,2.26,1.3,6.5,3.656543655,73.03
11/1/1961,71.08,585.079,2.61,1.3,6.1,3.931731415,77.26
12/1/1961,71.74,589.546,2.33,1.3,6,4.155177878,78.05
1/1/1962,69.07,594.013,2.15,1.3,5.8,4.069898863,67.75
2/1/1962,70.22,596.1306667,2.37,1.3,5.5,4.048442098,69.61
3/1/1962,70.29,598.2483333,2.85,1.6,5.6,3.991079195,69.73
4/1/1962,68.05,600.366,2.78,1.3,5.6,3.721964908,61.72
5/1/1962,62.99,603.253,2.36,1.6,5.5,3.065058102,48.24
6/1/1962,55.63,606.14,2.68,1.6,5.5,1.928335584,35.94
7/1/1962,56.97,609.027,2.71,1.3,5.4,1.122660271,38.99
8/1/1962,58.52,610.1113333,2.93,1.3,5.7,0.602286048,42.41
9/1/1962,58,611.1956667,2.9,1.3,5.6,0.146240306,41.57
10/1/1962,56.17,612.28,2.9,1.3,5.4,-0.358709951,38.66
11/1/1962,60.04,615.4106667,2.94,1.3,5.7,-0.441520438,47.08
12/1/1962,62.64,618.5413333,2.93,1.3,5.5,-0.29396147,51.86
1/1/1963,65.06,621.672,2.92,1,5.7,0.01804583,55.86
2/1/1963,65.92,624.3653333,3,1,5.9,0.330894331,57.22
3/1/1963,65.67,627.0586667,2.98,1,5.7,0.55228966,56.67
4/1/1963,68.76,629.752,2.9,1.3,5.7,0.965949367,61.56
5/1/1963,70.14,634.6493333,3,1,5.9,1.389119229,63.54
6/1/1963,70.11,639.5466667,2.99,1.3,5.6,1.702438988,63.46
7/1/1963,69.07,644.444,3.02,1.3,5.6,1.845553455,60.74
8/1/1963,70.98,647.6086667,3.49,1.6,5.4,2.089012897,63.81
9/1/1963,72.85,650.7733333,3.48,1.3,5.5,2.405124849,66.57
10/1/1963,73.03,653.938,3.5,1.3,5.5,2.639741053,66.84
11/1/1963,72.62,659.2326667,3.48,1.6,5.7,2.760768095,65.57
12/1/1963,74.17,664.5273333,3.38,1.6,5.5,2.947774831,68.03
1/1/1964,76.45,669.822,3.48,1.9,5.6,3.242577546,71.28
2/1/1964,77.39,672.7726667,3.48,1.9,5.4,3.511581638,72.52
3/1/1964,78.8,675.7233333,3.43,1.9,5.4,3.794800438,74.31
4/1/1964,79.94,678.674,3.47,1.6,5.3,4.064390091,75.69
5/1/1964,80.72,683.1263333,3.5,1.6,5.1,4.291511443,76.62
6/1/1964,80.24,687.5786667,3.5,1.6,5.2,4.38225881,74.73
7/1/1964,83.22,692.031,3.42,1.6,4.9,4.6411377,78.3
8/1/1964,82,693.7936667,3.5,0.9,5,4.693750647,73.71
9/1/1964,83.41,695.5563333,3.45,1.3,5.1,4.793960213,75.5
10/1/1964,84.85,697.319,3.36,1.3,5.1,4.932711751,77.2
11/1/1964,85.44,704.1426667,3.52,1.2,4.8,5.032272508,77.88
12/1/1964,83.96,710.9663333,3.85,1.2,5,4.934865438,72.08
1/1/1965,86.12,717.79,3.9,1.6,4.9,4.974619267,75.01
2/1/1965,86.75,721.9236667,3.98,1.6,5.1,4.999331021,75.8
3/1/1965,86.83,726.0573333,4.05,1.2,4.7,4.968101416,75.91
4/1/1965,87.97,730.191,4.09,1.6,4.8,4.977957406,77.41
5/1/1965,89.28,736.5683333,4.1,1.6,4.6,5.033451902,79.03
6/1/1965,85.04,742.9456667,4.05,1.2,4.6,4.681335602,63.23
7/1/1965,84.91,749.323,4.09,1.2,4.4,4.341742083,62.81
8/1/1965,86.49,756.8343333,4.12,1.6,4.4,4.152240129,65.75
9/1/1965,89.38,764.3456667,4.02,1.5,4.3,4.186992272,70.37
10/1/1965,91.39,771.857,4.08,1.5,4.2,4.326846603,73.09
11/1/1965,92.15,779.816,4.1,1.2,4.1,4.447737071,74.05
12/1/1965,91.73,787.775,4.32,1.5,4,4.45826109,72.5
1/1/1966,93.32,795.734,4.42,0.9,4,4.542537617,74.67
2/1/1966,92.69,798.8163333,4.6,1.2,3.8,4.506543014,72.24
3/1/1966,88.88,801.8986667,4.66,1.5,3.8,4.123053875,59.61
4/1/1966,91.6,804.981,4.67,1.8,3.8,3.992593109,64.4
5/1/1966,86.78,809.8666667,4.9,2.1,3.9,3.460379197,52.52
6/1/1966,86.06,814.7523333,5.17,2.4,3.8,2.946532068,51.01
7/1/1966,85.84,819.638,5.3,2.8,3.8,2.492816715,50.53
8/1/1966,80.65,824.1926667,5.53,3.1,3.8,1.694916461,40.8
9/1/1966,77.81,828.7473333,5.4,3,3.7,0.823912941,36.64
10/1/1966,77.13,833.302,5.53,3.3,3.7,0.07786844,35.7
11/1/1966,80.99,836.9246667,5.76,3.6,3.6,-0.199606521,44.41
12/1/1966,81.33,840.5473333,5.4,3.3,3.8,-0.387604209,45.11
1/1/1967,84.45,844.17,4.94,3.6,3.9,-0.281589813,51.22
2/1/1967,87.36,845.7743333,5,3.6,3.8,0.036815651,56.13
3/1/1967,89.42,847.3786667,4.53,3.6,3.8,0.450189554,59.25
4/1/1967,90.96,848.983,4.05,3.3,3.8,0.891776635,61.46
5/1/1967,92.59,854.3996667,3.94,3.3,3.8,1.357615212,63.71
6/1/1967,91.43,859.8163333,3.98,3.3,3.9,1.614581445,60.99
7/1/1967,93.01,865.233,3.79,3.3,3.8,1.923548363,63.29
8/1/1967,94.49,870.635,3.9,3.3,3.8,2.261758361,65.35
9/1/1967,95.81,876.037,3.99,3.6,3.8,2.606261825,67.12
10/1/1967,95.66,881.439,3.88,3.5,4,2.834505145,66.7
11/1/1967,92.66,890.755,4.13,3.5,3.9,2.741709966,58.82
12/1/1967,95.3,900.071,4.51,3.8,3.8,2.848360924,62.97
1/1/1968,95.04,909.387,4.61,4.1,3.7,2.878718672,62.3
2/1/1968,90.75,917.706,4.71,4.1,3.8,2.5274751,52.45
3/1/1968,89.09,926.025,5.05,4.4,3.7,2.091059479,49.21
4/1/1968,95.67,934.344,5.76,4.4,3.5,2.250208956,59.81
5/1/1968,97.87,939.8376667,6.12,4.3,3.5,2.524753886,62.62
6/1/1968,100.5,945.3313333,6.07,4.6,3.7,2.920881636,65.71
7/1/1968,100.3,950.825,6.03,4.9,3.7,3.181997318,65.27
8/1/1968,98.11,956.56,6.03,4.9,3.5,3.1756122,60.48
9/1/1968,101.3,962.295,5.78,4.9,3.4,3.388893236,64.56
10/1/1968,103.8,968.03,5.91,4.8,3.4,3.716804096,67.4
11/1/1968,105.4,976.4656667,5.82,5.1,3.4,4.0589929,69.11
12/1/1968,106.5,984.9013333,6.02,5.1,3.4,4.3685825,70.26
1/1/1969,102,993.337,6.3,5.1,3.4,4.202379679,60.34
2/1/1969,101.5,998.5646667,6.61,5.3,3.4,3.984387387,59.34
3/1/1969,99.3,1003.792333,6.79,5.6,3.4,3.592691006,55.01
4/1/1969,101.3,1009.02,7.41,6.1,3.4,3.404408189,58.01
5/1/1969,104.6,1015.998667,8.67,6.1,3.4,3.48134435,62.46
6/1/1969,99.14,1022.977333,8.9,5.8,3.5,3.066392974,52.54
7/1/1969,94.71,1029.956,8.61,5.8,3.5,2.352953656,46.14
8/1/1969,94.18,1032.686333,9.19,5.8,3.5,1.724897739,45.42
9/1/1969,94.51,1035.416667,9.15,6,3.7,1.239498969,45.98
10/1/1969,95.52,1038.147,9,6,3.7,0.925645244,47.75
11/1/1969,96.21,1042.498,8.85,5.9,3.5,0.724242522,48.98
12/1/1969,91.11,1046.849,8.97,6.2,3.5,0.151357284,41.26
1/1/1970,90.31,1051.2,8.98,6.2,3.9,-0.36302696,40.19
2/1/1970,87.16,1056.591667,8.98,6.1,4.2,-1.013179551,36.21
3/1/1970,88.65,1061.983333,7.76,6.1,4.4,-1.392151756,39.27
4/1/1970,85.95,1067.375,8.1,5.8,4.6,-1.88858694,35.91
5/1/1970,76.06,1073.603,7.95,6,4.8,-3.044955395,26.84
6/1/1970,75.59,1079.831,7.61,6.5,4.9,-3.953734608,26.49
7/1/1970,75.72,1086.059,7.21,6.2,5,-4.610313939,26.77
8/1/1970,77.92,1086.908667,6.62,6.2,5.1,-4.896690178,31.5
9/1/1970,82.58,1087.758333,6.29,6.2,5.4,-4.693518398,40.3
10/1/1970,84.37,1088.608,6.2,6.4,5.5,-4.338058817,43.31
11/1/1970,84.28,1104.124,5.6,6.6,5.9,-4.017307762,43.19
12/1/1970,90.05,1119.64,4.9,6.6,6.1,-3.259940893,52.18
1/1/1971,93.49,1135.156,4.14,6.3,5.9,-2.354996014,56.59
2/1/1971,97.11,1142.194333,3.72,5.8,5.9,-1.330381126,60.7
3/1/1971,99.6,1149.232667,3.71,5.2,6,-0.313826656,63.27
4/1/1971,103,1156.271,4.16,5,5.9,0.757420597,66.5
5/1/1971,101.6,1163.405667,4.63,5.2,5.9,1.476404392,64.01
6/1/1971,99.72,1170.540333,4.91,4.9,5.9,1.872914153,60.71
7/1/1971,99,1177.675,5.31,4.9,6,2.1047903,59.45
8/1/1971,97.24,1181.882333,5.57,4.6,6.1,2.122074572,56.37
9/1/1971,99.4,1186.089667,5.55,4.4,6,2.283740886,59.17
10/1/1971,97.29,1190.297,5.2,3.8,5.8,2.216057903,55.43
11/1/1971,92.78,1203.734333,4.91,3.3,6,1.778003624,48.39
12/1/1971,99.17,1217.171667,4.14,3.1,6,1.924280145,56.77
1/1/1972,103.3,1230.609,3.51,3.1,5.8,2.346413827,61.16
2/1/1972,105.2,1242.529,3.3,3.3,5.7,2.801972538,63.02
3/1/1972,107.7,1254.449,3.83,3.3,5.8,3.326390644,65.37
4/1/1972,108.8,1266.369,4.17,3.3,5.7,3.787101233,66.38
5/1/1972,107.7,1274.434667,4.27,3.1,5.7,4.017149686,64.35
6/1/1972,108,1282.500333,4.46,2.8,5.7,4.175539218,64.67
7/1/1972,107.2,1290.566,4.55,2.8,5.6,4.188231424,63.06
8/1/1972,111,1303.345333,4.81,3.3,5.6,4.453580231,67.23
9/1/1972,109.4,1316.124667,4.87,2.8,5.5,4.483086216,63.96
10/1/1972,109.6,1328.904,5.05,3,5.6,4.471068555,64.19
11/1/1972,115.1,1345.099333,5.06,3,5.3,4.8494471,69.98
12/1/1972,117.5,1361.294667,5.33,3,5.2,5.282086163,72.1
1/1/1973,118.4,1377.49,5.94,2.8,4.9,5.63264855,72.88
2/1/1973,114.2,1389.622333,6.58,2.8,5,5.508073229,63.96
3/1/1973,112.4,1401.754667,7.09,3,4.9,5.204111673,60.54
4/1/1973,110.3,1413.887,7.12,3.2,5,4.739137671,56.74
5/1/1973,107.2,1420.537333,7.84,3.2,4.9,4.073541086,51.58
6/1/1973,104.8,1427.187667,8.49,3.2,4.9,3.314187168,47.94
7/1/1973,105.8,1433.838,10.4,3.2,4.8,2.761255328,49.54
8/1/1973,103.8,1447.988333,10.5,3.2,4.8,2.137035164,46.47
9/1/1973,105.6,1462.138667,10.78,3.8,4.8,1.767209849,49.5
10/1/1973,109.8,1476.289,10.01,4.3,4.6,1.792364261,55.79
11/1/1973,102,1481.262333,10.03,4.5,4.8,1.169424109,44.66
12/1/1973,94.78,1486.235667,9.95,4.7,4.9,0.092084398,37.26
1/1/1974,96.11,1491.209,9.65,4.9,5.1,-0.646937704,39.26
2/1/1974,93.45,1504.158,8.97,5.4,5.2,-1.430764848,36.74
3/1/1974,97.44,1517.107,9.35,5.8,5.1,-1.710278822,42.68
4/1/1974,92.46,1530.056,10.51,6.2,5.1,-2.307045853,37.89
5/1/1974,89.67,1540.046,11.31,6.8,5.1,-2.970871351,35.49
6/1/1974,89.79,1550.036,11.93,7.9,5.4,-3.44753382,35.68
7/1/1974,79.31,1560.026,12.92,8.8,5.5,-4.617710583,27.98
8/1/1974,76.03,1573.243667,12.01,9.6,5.5,-5.743544678,26.08
9/1/1974,68.12,1586.461333,11.34,10.2,5.9,-7.191152079,22.18
10/1/1974,69.44,1599.679,10.06,10.6,6,-8.138067824,24.22
11/1/1974,71.74,1605.158,9.45,11.2,6.6,-8.603736083,27.77
12/1/1974,67.07,1610.637,8.53,11.1,7.2,-9.243063225,25.19
1/1/1975,72.56,1616.116,7.13,11.5,8.1,-9.200677787,33.06
2/1/1975,80.1,1628.028333,6.24,11.7,8.1,-8.461137312,42.08
3/1/1975,83.78,1639.940667,5.54,11.4,8.6,-7.491740788,45.92
4/1/1975,84.72,1651.853,5.49,11.3,8.8,-6.571880368,46.88
5/1/1975,90.1,1671.175333,5.22,10.5,9,-5.347124993,52.15
6/1/1975,92.4,1690.497667,5.55,9.6,8.8,-4.143147135,54.24
7/1/1975,92.49,1709.82,6.1,9.1,8.6,-3.1454648,54.33
8/1/1975,85.71,1727.157,6.14,8.2,8.4,-2.868813799,47.28
9/1/1975,84.67,1744.494,6.24,7.7,8.4,-2.702334367,46.29
10/1/1975,88.57,1761.831,5.82,7,8.4,-2.22999482,50.48
11/1/1975,90.07,1781.383,5.22,6.8,8.3,-1.714857057,52.03
12/1/1975,88.7,1800.935,5.2,6.7,8.2,-1.401004313,50.48
1/1/1976,96.86,1820.487,4.87,6.7,7.9,-0.488202257,58.45
2/1/1976,100.6,1831.102,4.77,6.5,7.7,0.530867186,61.51
3/1/1976,101.1,1841.717,4.84,6.6,7.6,1.363119688,61.91
4/1/1976,101.9,1852.332,4.82,6.4,7.7,2.063452905,62.59
5/1/1976,101.2,1863.740667,5.29,6.5,7.4,2.532791432,61.56
6/1/1976,101.8,1875.149333,5.48,6.5,7.6,2.91950633,62.13
7/1/1976,104.2,1886.558,5.31,6.7,7.8,3.380670352,64.42
8/1/1976,103.3,1902.463,5.29,6.8,7.8,3.631660166,62.89
9/1/1976,105.5,1918.368,5.25,6.8,7.6,3.962416742,65.08
10/1/1976,101.9,1934.273,5.02,6.7,7.7,3.889221276,58.94
11/1/1976,101.2,1952.398,4.95,6.5,7.8,3.731712335,57.8
12/1/1976,104.7,1970.523,4.65,6.1,7.8,3.844983537,61.78
1/1/1977,103.8,1988.648,4.61,6.3,7.5,3.818116432,60.21
2/1/1977,101,2011.068333,4.68,6.3,7.6,3.530193585,55.47
3/1/1977,100.6,2033.488667,4.69,6.2,7.4,3.232474048,54.81
4/1/1977,99.05,2055.909,4.73,6.3,7.2,2.838733967,52.21
5/1/1977,98.76,2076.763667,5.35,6.3,7,2.474764,51.71
6/1/1977,99.29,2097.618333,5.39,6.6,7.2,2.203679108,52.6
7/1/1977,100.2,2118.473,5.42,6.3,6.9,2.038770101,54.15
8/1/1977,97.75,2133.738667,5.9,6.2,7,1.690892444,49.45
9/1/1977,96.23,2149.004333,6.14,6.2,6.8,1.277815734,46.74
10/1/1977,93.74,2164.27,6.47,6,6.8,0.740985653,42.62
11/1/1977,94.28,2177.1,6.51,5.9,6.8,0.355024928,43.78
12/1/1977,93.82,2189.93,6.56,6.5,6.4,0.011893021,42.98
1/1/1978,90.25,2202.76,6.7,6.4,6.4,-0.541864377,37.31
2/1/1978,88.98,2245.717667,6.78,6.2,6.3,-1.070855336,35.52
3/1/1978,88.82,2288.675333,6.79,6.3,6.3,-1.485866996,35.29
4/1/1978,92.71,2331.633,6.89,6.5,6.1,-1.483772233,44.68
5/1/1978,97.41,2352.773,7.36,6.8,6,-1.090293177,53.46
6/1/1978,97.66,2373.913,7.6,7,5.9,-0.749643852,53.88
7/1/1978,97.19,2395.053,7.81,7.4,6.2,-0.511703283,52.92
8/1/1978,103.9,2422.351667,8.04,7.5,5.9,0.215819422,63.09
9/1/1978,103.9,2449.650333,8.45,7.9,6,0.783356363,63.09
10/1/1978,100.6,2476.949,8.96,8.4,5.8,0.955832812,56.17
11/1/1978,94.71,2493.502667,9.76,8.7,5.9,0.610213701,46.39
12/1/1978,96.11,2510.056333,10.03,8.5,6,0.444156406,48.67
1/1/1979,99.71,2526.61,10.07,8.6,5.9,0.596172413,54.1
2/1/1979,98.23,2548.155667,10.06,9.2,5.9,0.590416608,51.68
3/1/1979,100.1,2569.701333,10.09,9.3,5.8,0.728352468,54.45
4/1/1979,102.1,2591.247,10.01,9.3,5.8,0.987665721,57.27
5/1/1979,99.73,2616.686333,10.24,9.4,5.6,0.990516096,53.08
6/1/1979,101.7,2642.125667,10.29,9.3,5.7,1.13861236,55.96
7/1/1979,102.7,2667.565,10.47,9.6,5.7,1.321438638,57.4
8/1/1979,107.4,2686.337667,10.94,10,6,1.824548243,63.42
9/1/1979,108.6,2705.110333,11.43,9.9,5.9,2.293656359,64.79
10/1/1979,104.5,2723.883,13.77,10.1,6,2.307987146,56.95
11/1/1979,103.7,2745.869333,13.18,10.6,5.9,2.22909546,55.54
12/1/1979,107.8,2767.855667,13.78,11.3,6,2.468948463,60.89
1/1/1980,110.9,2789.842,13.82,12,6.3,2.876024766,64.38
2/1/1980,115.3,2792.345333,14.13,12,6.3,3.513181131,68.66
3/1/1980,104.7,2794.848667,17.19,12.5,6.3,3.126757415,52.35
4/1/1980,103,2797.352,17.61,13,6.9,2.652758693,50.29
5/1/1980,107.7,2817.062333,10.98,13.3,7.5,2.62609008,55.51
6/1/1980,114.6,2836.772667,9.47,13.6,7.6,3.125696265,61.84
7/1/1980,119.8,2856.483,9.03,12.4,7.8,3.896319957,65.8
8/1/1980,123.5,2899.507667,9.61,11.8,7.7,4.750839146,68.31
9/1/1980,126.5,2942.532333,10.87,12,7.5,5.60550986,70.22
10/1/1980,130.2,2985.557,12.81,12.3,7.5,6.506399908,72.43
11/1/1980,135.7,3031.773333,15.85,12.1,7.5,7.576824875,75.36
12/1/1980,133.5,3077.989667,18.9,12.2,7.2,8.153632757,72.06
1/1/1981,133,3124.206,19.08,11.4,7.5,8.472742832,71.3
2/1/1981,128.4,3136.981333,15.93,10.9,7.4,8.259250808,64.53
3/1/1981,133.2,3149.756667,14.7,10,7.4,8.380768443,67.95
4/1/1981,134.4,3162.532,15.72,9.5,7.2,8.476193731,68.76
5/1/1981,131.7,3195.224333,18.52,9.5,7.5,8.238977717,64.79
6/1/1981,132.3,3227.916667,19.1,9.4,7.5,8.007096479,65.27
7/1/1981,129.1,3260.609,19.04,11.1,7.2,7.478903526,60.53
8/1/1981,129.6,3267.345333,17.82,11.6,7.4,7.019733509,61
9/1/1981,118.3,3274.081667,15.87,11.8,7.6,5.678563455,47.15
10/1/1981,119.8,3280.818,15.08,10.9,7.9,4.682734342,48.81
11/1/1981,122.9,3278.646,13.31,10.2,8.3,4.096455301,52.16
12/1/1981,123.8,3276.474,12.37,9.5,8.5,3.662231491,53.12
1/1/1982,117.3,3274.302,13.22,9.3,8.6,2.7617743,45.95
2/1/1982,114.5,3293.525333,14.78,9.1,8.9,1.801452863,43.25
3/1/1982,110.8,3312.748667,14.68,8.8,9,0.7333782,39.9
4/1/1982,116.3,3331.972,14.94,8.9,9.3,0.326956418,46.52
5/1/1982,116.4,3343.422,14.45,8.7,9.4,0.012786004,46.64
6/1/1982,109.7,3354.872,14.15,8.6,9.6,-0.767977552,40.37
7/1/1982,109.4,3366.322,12.59,7.6,9.8,-1.394866633,40.11
8/1/1982,109.7,3378.401667,10.12,7.1,9.8,-1.846191507,40.52
9/1/1982,122.4,3390.481333,10.31,5.9,10.1,-1.165648984,54.73
10/1/1982,132.7,3402.561,9.71,5.9,10.4,0.202475773,62.55
11/1/1982,138.1,3426.178333,9.2,5.3,10.8,1.702830204,65.88
12/1/1982,139.4,3449.795667,8.95,4.5,10.8,2.962619798,66.64
1/1/1983,144.3,3473.413,8.68,4.7,10.4,4.30675558,69.44
2/1/1983,146.8,3508.558,8.51,4.7,10.4,5.510203778,70.78
3/1/1983,151.9,3543.703,8.77,4.7,10.3,6.797119559,73.36
4/1/1983,157.7,3578.848,8.8,4.3,10.2,8.19060492,75.95
5/1/1983,164.1,3615.625,8.63,3.6,10.1,9.699568039,78.45
6/1/1983,166.4,3652.402,8.98,2.9,10.1,10.9547435,79.28
7/1/1983,167,3689.179,9.37,3,9.4,11.86116594,79.5
8/1/1983,162.4,3724.354667,9.56,3,9.5,12.06920442,73.03
9/1/1983,167.2,3759.530333,9.45,3.5,9.2,12.47756272,75.29
10/1/1983,167.7,3794.706,9.48,3.7,8.8,12.69519316,75.52
11/1/1983,165.2,3832.488667,9.34,4.3,8.5,12.52159657,71.92
12/1/1983,164.4,3870.271333,9.47,4.8,8.3,12.17907393,70.75
1/1/1984,166.4,3908.054,9.56,4.8,8,11.93146702,71.97
2/1/1984,157.3,3941.903,9.59,4.8,7.8,10.87557595,59.75
3/1/1984,157.4,3975.752,9.91,5,7.8,9.932349887,59.83
4/1/1984,157.6,4009.601,10.29,5,7.7,9.09612035,60
5/1/1984,156.6,4034.484,10.32,5.2,7.4,8.257523188,58.64
6/1/1984,153.1,4059.367,11.06,5.1,7.2,7.227197511,54.03
7/1/1984,151.1,4084.25,11.23,5,7.5,6.17805691,51.54
8/1/1984,164.4,4105.683667,11.64,5.1,7.5,6.346644109,63.58
9/1/1984,166.1,4127.117333,11.3,5.1,7.3,6.542014205,64.78
10/1/1984,164.8,4148.551,9.99,4.9,7.4,6.516825371,63.06
11/1/1984,166.3,4175.756667,9.43,4.6,7.2,6.542482833,64.24
12/1/1984,164.5,4202.962333,8.38,4.7,7.3,6.344436881,61.7
1/1/1985,171.6,4230.168,8.35,4.5,7.3,6.683353165,67.21
2/1/1985,180.9,4251.741,8.5,4.7,7.2,7.614602639,72.75
3/1/1985,179.4,4273.314,8.58,4.8,7.2,8.137779832,70.67
4/1/1985,180.6,4294.887,8.27,4.5,7.3,8.550664757,71.38
5/1/1985,184.9,4325.515667,7.97,4.5,7.2,9.119726568,73.8
6/1/1985,188.9,4356.144333,7.53,4.4,7.4,9.780732527,75.84
7/1/1985,192.5,4386.773,7.88,4.2,7.4,10.47433284,77.54
8/1/1985,188.3,4405.88,7.9,4.1,7.1,10.56334353,71.24
9/1/1985,184.1,4424.987,7.92,4,7.1,10.17765854,65.51
10/1/1985,186.2,4444.094,7.99,4.1,7.1,9.927020337,66.94
11/1/1985,197.5,4465.360667,8.05,4.4,7,10.51894744,73.36
12/1/1985,207.3,4486.627333,8.27,4.3,7,11.64460033,77.44
1/1/1986,208.2,4507.894,8.14,4.4,6.7,12.46561499,77.78
2/1/1986,219.4,4520.376,7.86,4.2,7.2,13.86024909,81.49
3/1/1986,232.3,4532.858,7.48,4.1,7.2,15.82401941,84.66
4/1/1986,238,4545.34,6.99,4.2,7.1,17.63695604,85.82
5/1/1986,238.5,4566.116333,6.85,4,7.2,18.89624308,85.92
6/1/1986,245.3,4586.892667,6.92,4,7.2,20.20997233,87.24
7/1/1986,240.2,4607.669,6.56,4.1,7,20.60209669,81.09
8/1/1986,245,4624.321667,6.17,4,6.9,21.05744089,82.35
9/1/1986,238.3,4640.974333,5.89,4.1,7,20.63974827,74.85
10/1/1986,237.4,4657.627,5.85,4,7,20.00549054,73.87
11/1/1986,245.1,4679.136667,6.04,3.8,6.9,19.89482719,76.67
12/1/1986,248.6,4700.646333,6.91,3.8,6.6,19.86060573,77.83
1/1/1987,264.5,4722.156,6.43,3.8,6.6,20.87583842,82.17
2/1/1987,280.9,4750.157333,6.1,3.8,6.6,22.74160947,85.36
3/1/1987,292.5,4778.158667,6.13,4,6.6,24.86958839,87.11
4/1/1987,289.3,4806.16,6.37,4.2,6.3,25.99812357,84.12
5/1/1987,289.1,4832.291667,6.85,4.2,6.3,26.57007423,83.93
6/1/1987,301.4,4858.423333,6.73,4.1,6.2,27.69658743,86.06
7/1/1987,310.1,4884.555,6.58,4,6.1,28.95756971,87.34
8/1/1987,329.4,4925.701333,6.73,4.2,6,31.15511914,89.61
9/1/1987,318.7,4966.847667,7.22,4.3,5.9,31.66824055,80.93
10/1/1987,280.2,5007.994,7.29,4.3,6,28.63814205,58.83
11/1/1987,245,5029.786667,6.69,4.4,5.8,23.12979545,46.37
12/1/1987,241,5051.579333,6.77,4.2,5.7,18.23146355,45.2
1/1/1988,250.5,5073.372,6.83,4.3,5.7,14.94380792,48.52
2/1/1988,258.1,5112.26,6.58,4.3,5.7,12.80397735,51.08
3/1/1988,265.7,5151.148,6.58,4.4,5.7,11.58782545,53.57
4/1/1988,262.6,5190.036,6.87,4.3,5.4,10.25565146,52.4
5/1/1988,256.1,5220.969,7.09,4.3,5.6,8.576533348,49.94
6/1/1988,270.7,5251.902,7.51,4.5,5.4,8.327919067,55.05
7/1/1988,269.1,5282.835,7.75,4.5,5.4,7.910595409,54.39
8/1/1988,263.7,5321.726333,8.01,4.4,5.6,7.062713964,52.13
9/1/1988,268,5360.617667,8.19,4.4,5.4,6.660952558,53.78
10/1/1988,277.4,5399.509,8.3,4.5,5.4,7.020131485,57.24
11/1/1988,271,5436.757,8.35,4.4,5.3,6.710996667,54.26
12/1/1988,276.5,5474.005,8.76,4.7,5.3,6.831064867,56.36
1/1/1989,285.4,5511.253,9.12,4.6,5.4,7.557260011,59.59
2/1/1989,294,5544.989667,9.36,4.8,5.2,8.726133586,62.48
3/1/1989,292.7,5578.726333,9.85,4.7,5,9.438770904,61.76
4/1/1989,302.3,5612.463,9.84,4.6,5.2,10.65535261,64.97
5/1/1989,313.9,5640.097,9.81,4.6,5.2,12.41244252,68.42
6/1/1989,323.7,5667.731,9.53,4.5,5.3,14.42939396,71.01
7/1/1989,331.9,5695.365,9.24,4.6,5.2,16.49932009,73.01
8/1/1989,346.6,5712.655667,8.99,4.4,5.2,19.10568021,76.18
9/1/1989,347.3,5729.946333,9.02,4.3,5.3,20.98581216,76.33
10/1/1989,347.4,5747.237,8.84,4.3,5.3,22.22767267,76.35
11/1/1989,340.2,5789.058333,8.55,4.4,5.4,22.37297451,71.26
12/1/1989,348.6,5830.879667,8.45,4.4,5.4,22.90193779,73.48
1/1/1990,339.97,5872.701,8.23,4.4,5.4,22.36694391,67.7
2/1/1990,330.45,5901.81,8.24,4.6,5.3,20.93346502,61.91
3/1/1990,338.46,5930.919,8.28,4.9,5.2,20.21078537,64.65
4/1/1990,338.18,5960.028,8.26,4.8,5.4,19.39192485,64.47
5/1/1990,350.25,5978.390667,8.18,4.8,5.4,19.49222586,68.43
6/1/1990,360.39,5996.753333,8.29,4.9,5.2,20.15756454,71.32
7/1/1990,360.03,6015.116,8.15,5,5.5,20.4204075,71.07
8/1/1990,330.75,6011.655,8.13,5.5,5.7,18.0579009,54.44
9/1/1990,315.41,6008.194,8.2,5.5,5.9,14.77744244,48.09
10/1/1990,307.12,6004.733,8.11,5.3,5.9,11.37756824,45.03
11/1/1990,315.29,6014.881333,7.81,5.3,6.2,9.235928126,48.51
12/1/1990,328.75,6025.029667,7.31,5.2,6.3,8.526484413,53.7
1/1/1991,325.49,6035.178,6.91,5.6,6.4,7.613427551,52.32
2/1/1991,362.26,6065.739333,6.25,5.6,6.6,9.744526277,63.64
3/1/1991,372.28,6096.300667,6.12,5.2,6.8,12.10245803,66.01
4/1/1991,379.68,6126.862,5.91,5.1,6.7,14.40223409,67.68
5/1/1991,377.99,6153.220333,5.78,5.1,6.9,15.90511011,66.87
6/1/1991,378.29,6179.578667,5.9,5,6.9,16.92525388,66.95
7/1/1991,380.23,6205.937,5.82,4.8,6.8,17.68638927,67.46
8/1/1991,389.4,6225.471333,5.66,4.6,6.9,18.8126761,69.86
9/1/1991,387.2,6245.005667,5.45,4.5,6.9,19.3052065,68.56
10/1/1991,386.88,6264.54,5.21,4.4,7,19.44556273,68.36
11/1/1991,385.92,6281.554333,4.81,4.5,7,19.25734538,67.72
12/1/1991,388.51,6298.568667,4.43,4.4,7.3,19.09703441,68.57
1/1/1992,416.08,6315.583,4.03,3.9,7.3,20.95312086,75.88
2/1/1992,412.56,6356.697,4.06,3.8,7.4,21.88773992,73.53
3/1/1992,407.36,6417.025,3.98,3.9,7.4,21.95574357,70.08
4/1/1992,407.41,6443.138,3.73,3.9,7.4,21.76280349,70.09
5/1/1992,414.81,6433.851,3.82,3.8,7.6,21.95394384,72.24
6/1/1992,408.27,6535.301,3.76,3.8,7.8,21.33180088,67.61
7/1/1992,415.05,6557.138,3.25,3.7,7.7,21.14212419,69.78
8/1/1992,417.93,6556.882,3.3,3.5,7.6,20.9823248,70.67
9/1/1992,418.48,6585.902,3.22,3.3,7.6,20.66188568,70.85
10/1/1992,412.5,6637.431,3.1,3.5,7.3,19.69832927,66.16
11/1/1992,422.84,6680.184,3.09,3.4,7.4,19.54376707,69.87
12/1/1992,435.64,6724.794,2.92,3.3,7.4,20.22103296,73.72
1/1/1993,435.23,6717.86,3.02,3.5,7.3,20.48850871,73.4
2/1/1993,441.7,6741.575,3.03,3.6,7.1,20.98070756,75.24
3/1/1993,450.16,6728.941,3.07,3.4,7,21.80210885,77.44
4/1/1993,443.08,6768.249,2.96,3.5,7.1,21.63241347,71.69
5/1/1993,445.25,6824.279,3,3.4,7.1,21.42604343,72.37
6/1/1993,448.06,6834.289,3.04,3.3,7,21.24434561,73.26
7/1/1993,447.29,6832.716,3.06,3.2,6.9,20.79846446,72.57
8/1/1993,454.13,6873.889,3.03,3.3,6.8,20.75774886,74.84
9/1/1993,459.24,6939.69,3.09,3.2,6.7,20.89692897,76.41
10/1/1993,463.9,6944.336,2.99,3,6.8,21.13956946,77.78
11/1/1993,462.89,7036.028,3.02,3.1,6.6,21.00819583,76.74
12/1/1993,465.95,7060.85,2.96,3.2,6.5,20.9099607,77.71
1/1/1994,472.99,7074.43,3.05,2.9,6.6,21.15630115,79.79
2/1/1994,471.58,7122.917,3.25,2.8,6.6,20.99572684,78.22
3/1/1994,463.81,7149.61,3.34,2.9,6.5,20.01082415,70.01
4/1/1994,447.23,7186.372,3.56,2.8,6.4,17.68851209,56.4
5/1/1994,450.9,7290.29,4.01,2.8,6.1,15.96022187,58.33
6/1/1994,454.83,7264.132,4.25,2.9,6.1,14.73776975,60.36
7/1/1994,451.4,7298.935,4.26,2.9,6.1,13.33843808,57.72
8/1/1994,464.24,7351.716,4.47,2.9,6,13.11436412,64.05
9/1/1994,466.96,7342.573,4.73,3,5.9,13.00633621,65.24
10/1/1994,463.81,7429.372,4.76,2.9,5.8,12.52219656,62.66
11/1/1994,461.01,7431.635,5.29,2.8,5.6,11.77681994,60.37
12/1/1994,455.19,7504.857,5.45,2.6,5.5,10.59435314,55.81
1/1/1995,465.25,7542.26,5.53,2.9,5.6,10.34969278,61.26
2/1/1995,481.92,7488.324,5.92,3,5.4,11.36986267,68.24
3/1/1995,493.15,7536.283,5.98,3,5.4,12.93541045,71.91
4/1/1995,507.91,7538.765,6.05,3.1,5.8,15.19200303,75.86
5/1/1995,523.81,7560.813,6.01,3.1,5.6,18.0552365,79.25
6/1/1995,539.35,7643.413,6,3,5.6,21.33241103,81.92
7/1/1995,557.37,7630.668,5.85,3,5.7,25.09438638,84.42
8/1/1995,559.11,7674.159,5.74,2.9,5.7,27.89463048,84.64
9/1/1995,578.77,7744.548,5.8,2.9,5.6,31.33898548,86.91
10/1/1995,582.92,7747.209,5.76,3,5.5,34.0114689,87.33
11/1/1995,595.53,7747.702,5.8,3,5.6,36.72362579,88.54
12/1/1995,614.57,7822.847,5.6,3,5.6,39.94889257,90.09
1/1/1996,614.42,7840.268,5.56,3,5.6,42.00858714,89.99
2/1/1996,649.54,7852.884,5.22,2.9,5.5,45.94517306,92.22
3/1/1996,647.07,7912.251,5.31,2.8,5.5,48.30876405,90.69
4/1/1996,647.17,8025.356,5.22,2.7,5.6,49.61803033,90.7
5/1/1996,661.23,8009.268,5.24,2.7,5.6,51.19995656,91.62
6/1/1996,668.5,8063.895,5.27,2.7,5.3,52.43582518,92.05
7/1/1996,644.07,8099.321,5.4,2.7,5.5,50.85770715,77.42
8/1/1996,662.68,8122.994,5.22,2.6,5.1,50.52627328,80.02
9/1/1996,674.88,8171.909,5.3,2.7,5.2,50.66402426,81.53
10/1/1996,701.46,8250.876,5.24,2.6,5.2,52.3149229,84.3
11/1/1996,735.67,8281.92,5.31,2.6,5.4,55.74118339,87.01
12/1/1996,743.25,8246.517,5.29,2.6,5.4,58.39502072,87.52
1/1/1997,766.22,8309.184,5.25,2.5,5.3,61.64113236,88.95
2/1/1997,798.39,8385.51,5.19,2.5,5.2,66.04818697,90.57
3/1/1997,792.16,8393.271,5.39,2.5,5.2,68.25134159,87.88
4/1/1997,763.93,8511.858,5.51,2.7,5.1,66.947701,76.74
5/1/1997,833.09,8476.289,5.5,2.5,4.9,70.68043044,82.57
6/1/1997,876.29,8568.327,5.56,2.4,5,76.24561242,85.08
7/1/1997,925.29,8620.549,5.52,2.4,4.9,83.64573377,87.32
8/1/1997,927.24,8655.666,5.54,2.3,4.8,88.64587747,87.4
9/1/1997,937.02,8712.254,5.54,2.2,4.9,92.33333048,87.82
10/1/1997,951.16,8748.044,5.5,2.3,4.7,95.29810613,88.42
11/1/1997,938.92,8736.488,5.52,2.2,4.6,95.5585075,84.53
12/1/1997,962.37,8813.189,5.5,2.2,4.7,96.5441951,85.82
1/1/1998,963.36,8772.657,5.56,2.2,4.6,96.29521308,85.87
2/1/1998,1023.74,8894.378,5.51,2.3,4.6,99.81939852,88.67
3/1/1998,1076.83,8932.406,5.49,2.1,4.7,105.6780692,90.46
4/1/1998,1112.2,8925.556,5.45,2.1,4.3,111.8854258,91.43
5/1/1998,1108.42,8953.299,5.49,2.2,4.4,115.1721533,90.38
6/1/1998,1108.39,9030.242,5.56,2.2,4.5,116.4323283,90.37
7/1/1998,1156.58,9049.992,5.54,2.2,4.5,119.9369974,91.78
8/1/1998,1074.62,9100.515,5.55,2.5,4.5,114.7778976,72.39
9/1/1998,1020.64,9212.785,5.51,2.5,4.6,105.1217608,62.95
10/1/1998,1032.47,9266.843,5.07,2.3,4.5,97.30214641,64.06
11/1/1998,1144.43,9307.426,4.83,2.3,4.4,98.99809356,72.44
12/1/1998,1190.05,9307.704,4.68,2.4,4.4,102.837846,75
1/1/1999,1248.77,9357.226,4.63,2.4,4.3,109.3584742,77.85
2/1/1999,1246.58,9410.969,4.76,2.1,4.4,113.0462773,77.49
3/1/1999,1281.66,9466.851,4.81,2.1,4.2,117.4457096,79.13
4/1/1999,1334.76,9496.771,4.74,2.2,4.3,123.7900431,81.35
5/1/1999,1332.07,9534.504,4.74,2,4.2,127.135375,80.88
6/1/1999,1322.55,9547.355,4.76,2.1,4.3,127.5480953,79.14
7/1/1999,1380.99,9660.868,4.99,2.1,4.3,131.0797924,81.74
8/1/1999,1327.49,9660.694,5.07,1.9,4.2,128.0851984,72.81
9/1/1999,1318.17,9738.316,5.22,2,4.2,123.5358704,71.35
10/1/1999,1300.01,9813.929,5.2,2.1,4.1,117.115105,68.46
11/1/1999,1391,9891.418,5.42,2.1,4.1,118.0084072,74.11
12/1/1999,1428.68,9995.16,5.3,1.9,4,120.3692746,76.03
1/1/2000,1425.59,9921.338,5.45,2,4,120.6007318,75.53
2/1/2000,1388.87,9999.879,5.73,2.2,4.1,116.4784748,69.74
3/1/2000,1442.21,10085.32,5.85,2.4,4,116.1764389,72.98
4/1/2000,1461.36,10226.174,6.02,2.3,3.8,116.1434885,74.06
5/1/2000,1418.48,10228.881,6.27,2.4,4,111.3734733,67.58
6/1/2000,1461.96,10288.105,6.53,2.5,4,109.8355585,70.4
7/1/2000,1473,10235.504,6.54,2.5,4,108.2596361,71.09
8/1/2000,1485.46,10335.724,6.5,2.6,4.1,106.7851711,71.89
9/1/2000,1468.05,10383.267,6.52,2.6,3.9,103.0242065,69.03
10/1/2000,1390.14,10424.957,6.51,2.5,3.9,92.68847405,57.92
11/1/2000,1378.04,10447.158,6.51,2.6,3.9,82.56915692,56.41
12/1/2000,1330.93,10435.117,6.4,2.6,3.9,69.94189527,50.82
1/1/2001,1335.63,10466.348,5.98,2.6,4.2,59.62661169,51.34
2/1/2001,1305.75,10463.306,5.49,2.7,4.2,48.48174152,47.89
3/1/2001,1185.85,10481.039,5.31,2.7,4.3,29.63283479,37.11
4/1/2001,1189.84,10565.246,4.8,2.6,4.4,14.84576729,37.62
5/1/2001,1270.37,10640.359,4.21,2.5,4.3,9.515321051,46.86
6/1/2001,1238.71,10591.396,3.97,2.7,4.5,2.705024753,44.09
7/1/2001,1204.45,10585.831,3.77,2.7,4.6,-5.394495419,41.25
8/1/2001,1178.5,10699.005,3.65,2.7,4.9,-13.74888307,39.2
9/1/2001,1044.64,10509.224,3.07,2.6,5,-30.81595165,30.69
10/1/2001,1076.59,10638.834,2.49,2.6,5.3,-41.2876897,34.35
11/1/2001,1129.68,10587.365,2.09,2.8,5.5,-44.78642817,40.02
12/1/2001,1144.93,10755.197,1.82,2.7,5.7,-45.80069417,41.58
1/1/2002,1140.21,10787.298,1.73,2.6,5.7,-46.449926,41.23
2/1/2002,1100.67,10748.442,1.74,2.6,5.7,-49.58342757,38.26
3/1/2002,1153.79,10814.76,1.73,2.4,5.7,-47.23590398,44.08
4/1/2002,1111.93,10858.98,1.75,2.5,5.9,-48.19763446,40.82
5/1/2002,1079.25,10870.094,1.75,2.5,5.8,-51.00881778,38.42
6/1/2002,1014.02,10933.306,1.75,2.3,5.8,-57.83354752,34.12
7/1/2002,903.59,11001.696,1.73,2.2,5.8,-71.33071701,28.33
8/1/2002,912.55,10952.403,1.74,2.4,5.7,-80.37777895,29.38
9/1/2002,867.81,10998.022,1.75,2.2,5.7,-90.11894965,27.24
10/1/2002,854.63,10998.779,1.75,2.2,5.7,-97.77532044,26.63
11/1/2002,909.93,11052.976,1.34,2,5.9,-98.24825686,33.42
12/1/2002,899.18,11132.544,1.24,1.9,6,-98.3567027,32.78
1/1/2003,895.84,11136.086,1.24,1.9,5.8,-97.58723202,32.58
2/1/2003,837.03,11210.744,1.26,1.7,5.9,-100.5636612,29.09
3/1/2003,846.63,11175.557,1.25,1.7,5.9,-100.9837848,30.4
4/1/2003,890.03,11257.038,1.26,1.5,6,-96.70002079,36.14
5/1/2003,935.96,11275.409,1.26,1.6,6.1,-88.57786929,41.63
6/1/2003,988,11405.851,1.22,1.5,6.3,-77.05358684,47.17
7/1/2003,992.54,11468.097,1.01,1.5,6.2,-66.78432183,47.63
8/1/2003,989.53,11567.624,1.03,1.3,6.1,-58.21764044,47.33
9/1/2003,1019.44,11664.285,1.01,1.2,6.1,-48.45642123,50.64
10/1/2003,1038.73,11699.738,1.01,1.3,6,-38.71772901,52.71
11/1/2003,1049.9,11785.7,1,1.1,5.8,-29.75541769,53.91
12/1/2003,1080.64,11831.263,0.98,1.1,5.7,-19.94237699,57.14
1/1/2004,1132.52,11806.024,1,1.1,5.7,-7.888258182,61.98
2/1/2004,1143.36,11926.752,1.01,1.2,5.6,2.510476017,62.93
3/1/2004,1123.98,12037.566,1,1.6,5.8,9.083040122,60.06
4/1/2004,1133.36,12035.876,1,1.8,5.6,14.87723661,60.99
5/1/2004,1102.78,12175.797,1,1.7,5.6,16.80787789,56.39
6/1/2004,1132.76,12126.771,1.03,1.9,5.6,20.52051276,59.61
7/1/2004,1105.85,12279.507,1.26,1.8,5.5,21.04875361,55.64
8/1/2004,1088.94,12299.99,1.43,1.7,5.4,19.87379982,53.25
9/1/2004,1117.66,12336.424,1.61,2,5.4,21.01782406,56.66
10/1/2004,1117.21,12471.775,1.76,2,5.5,21.63872255,56.59
11/1/2004,1168.94,12514.726,1.93,2.2,5.4,26.00519604,62.33
12/1/2004,1199.21,12595.141,2.16,2.2,5.4,31.54456762,65.22
1/1/2005,1181.41,12748.677,2.28,2.3,5.3,34.10510584,62.2
2/1/2005,1199.63,12750.941,2.5,2.4,5.4,37.17601064,64.04
3/1/2005,1194.9,12802.24,2.63,2.3,5.2,38.78101001,63.18
4/1/2005,1164.43,12859.174,2.79,2.2,5.2,37.16588405,57.79
5/1/2005,1178.28,12881.957,3,2.2,5.1,36.58177244,59.48
6/1/2005,1202.25,13026.837,3.04,2,5,37.61938559,62.3
7/1/2005,1222.24,13095.94,3.26,2.1,5,39.59826329,64.51
8/1/2005,1224.27,13153.066,3.5,2.1,4.9,40.85934112,64.74
9/1/2005,1225.92,13178.921,3.62,2,5,41.51335547,64.93
10/1/2005,1191.96,13236.019,3.78,2.1,5,38.84361337,57.82
11/1/2005,1237.37,13299.169,4,2.1,5,39.93172297,63.57
12/1/2005,1262.07,13437.424,4.16,2.2,4.9,42.2995385,66.26
1/1/2006,1278.73,13517.682,4.29,2.1,4.7,45.00162144,67.98
2/1/2006,1276.65,13568.571,4.49,2.1,4.8,46.43987308,67.52
3/1/2006,1293.74,13711.227,4.59,2.1,4.7,48.40078393,69.36
4/1/2006,1302.17,13694.998,4.79,2.3,4.7,50.05801284,70.26
5/1/2006,1290.01,13782.856,4.94,2.4,4.6,49.81592139,67.2
6/1/2006,1253.17,13782.418,4.99,2.6,4.6,46.11974237,58.85
7/1/2006,1260.24,13791.742,5.24,2.7,4.7,43.26228311,59.88
8/1/2006,1287.15,13884.368,5.25,2.8,4.7,42.67718217,63.61
9/1/2006,1317.74,13934.454,5.25,2.9,4.5,44.17264803,67.34
10/1/2006,1363.38,13966.336,5.25,2.7,4.4,48.48171503,71.95
11/1/2006,1388.64,14059.421,5.25,2.6,4.5,53.32030923,74.13
12/1/2006,1416.42,14092.924,5.24,2.6,4.4,58.71966014,76.31
1/1/2007,1424.16,14134.827,5.25,2.7,4.6,62.8981868,76.89
2/1/2007,1444.8,14286.409,5.26,2.7,4.5,67.10166853,78.42
3/1/2007,1406.95,14225.718,5.26,2.5,4.4,66.61093006,69.36
4/1/2007,1463.64,14363.161,5.25,2.3,4.5,69.98962865,74.17
5/1/2007,1511.14,14400.875,5.25,2.2,4.4,75.62832835,77.38
6/1/2007,1514.19,14442.21,5.25,2.2,4.6,79.42755657,77.57
7/1/2007,1520.71,14423.358,5.26,2.2,4.7,82.0191165,78
8/1/2007,1454.62,14601.66,5.02,2.1,4.6,77.8427134,64.48
9/1/2007,1497.12,14667.333,4.94,2.1,4.7,77.07381966,68.29
10/1/2007,1539.66,14664.524,4.76,2.2,4.7,78.98658017,71.57
11/1/2007,1463.39,14714.939,4.49,2.3,4.7,73.50083323,59.64
12/1/2007,1479.22,14765.711,4.24,2.4,5,69.62805903,61.09
1/1/2008,1378.76,14802.153,3.94,2.5,5,57.78644894,49.05
2/1/2008,1354.87,14627.59,2.98,2.3,4.9,45.94454419,46.7
3/1/2008,1316.94,14689.871,2.61,2.4,5.1,33.11735904,43.15
4/1/2008,1370.47,14757.842,2.28,2.3,5,26.96036374,49.03
5/1/2008,1403.22,14802.04,1.98,2.3,5.4,24.44180203,52.29
6/1/2008,1341.25,15037.221,2,2.4,5.6,17.24655507,46.27
7/1/2008,1257.33,14973.702,2.01,2.5,5.8,4.718238459,39.62
8/1/2008,1281.47,14917.056,2,2.5,6.1,-3.225465311,42.19
9/1/2008,1216.95,14806.238,1.81,2.5,6.1,-14.55930199,37.58
10/1/2008,968.8,14695.021,0.97,2.2,6.5,-43.06861219,25.87
11/1/2008,883.04,14698.7,0.39,2,6.8,-71.7554095,23.19
12/1/2008,877.56,14430.903,0.16,1.8,7.3,-93.85024603,23.02
1/1/2009,865.58,14478.539,0.15,1.7,7.8,-111.0471664,22.64
2/1/2009,805.23,14443.133,0.22,1.8,8.3,-128.0692874,20.79
3/1/2009,757.13,14371.031,0.18,1.8,8.7,-143.7832649,19.42
4/1/2009,848.15,14360.229,0.15,1.9,9,-147.1953753,28.93
5/1/2009,902.41,14378.023,0.18,1.8,9.4,-143.8628079,33.94
6/1/2009,926.12,14405.457,0.21,1.7,9.5,-137.7209639,36.06
7/1/2009,935.82,14376.492,0.16,1.5,9.5,-130.565719,36.95
8/1/2009,1009.73,14479.895,0.16,1.4,9.6,-117.5758751,43.42
9/1/2009,1044.55,14490.259,0.15,1.5,9.8,-103.2810871,46.22
10/1/2009,1067.66,14693.988,0.12,1.7,10,-89.06094165,48.06
11/1/2009,1088.07,14665.796,0.12,1.7,9.9,-75.27671442,49.69
12/1/2009,1110.38,14593.96,0.12,1.8,9.9,-61.83953679,51.49
1/1/2010,1123.58,14707.056,0.11,1.6,9.8,-49.554118,52.57
2/1/2010,1089.16,14735.628,0.13,1.3,9.8,-42.10982558,49.48
3/1/2010,1152.05,14851.148,0.16,1.1,9.9,-30.78065259,54.72
4/1/2010,1197.32,14945.169,0.2,0.9,9.9,-17.9424612,58.09
5/1/2010,1125.06,14956.65,0.2,0.9,9.6,-13.44390712,51.5
6/1/2010,1083.36,15038.76,0.18,0.9,9.4,-13.09268775,48.11
7/1/2010,1079.8,15111.473,0.18,0.9,9.4,-12.95230007,47.82
8/1/2010,1087.28,15108.357,0.19,0.9,9.5,-12.09801,48.52
9/1/2010,1122.08,15204.985,0.19,0.8,9.5,-8.514756985,51.77
10/1/2010,1171.58,15286.831,0.19,0.6,9.4,-1.661612805,56.02
11/1/2010,1198.89,15265.029,0.19,0.8,9.8,5.905170958,58.2
12/1/2010,1241.53,15376.553,0.18,0.8,9.3,15.16774888,61.43
1/1/2011,1282.62,15257.531,0.17,1,9.1,25.5297373,64.29
2/1/2011,1321.12,15282.041,0.16,1.1,9,36.42839218,66.78
3/1/2011,1304.49,15514.76,0.14,1.2,9,43.2254763,64.68
4/1/2011,1331.51,15584.359,0.1,1.3,9.1,50.21367067,66.52
5/1/2011,1338.31,15566.901,0.09,1.5,9,55.65896632,66.98
6/1/2011,1287.29,15521.345,0.09,1.6,9.1,55.22096187,60.22
7/1/2011,1325.19,15615.861,0.07,1.8,9,57.2718591,63.19
8/1/2011,1185.31,15715.885,0.1,2,9,47.06749813,48.72
9/1/2011,1173.88,15611.297,0.08,2,9,37.62445182,47.75
10/1/2011,1207.22,15857.569,0.07,2.1,8.8,32.45688616,50.81
11/1/2011,1226.42,15838.21,0.08,2.2,8.6,29.5699685,52.53
12/1/2011,1243.32,15831.022,0.07,2.2,8.5,28.31930687,54.05
1/1/2012,1300.58,15940.703,0.08,2.3,8.3,31.58446592,58.87
2/1/2012,1352.49,16208.427,0.1,2.2,8.3,37.92367069,62.69
3/1/2012,1389.24,16057.341,0.13,2.3,8.2,45.38972946,65.15
4/1/2012,1386.43,16179.489,0.14,2.3,8.2,50.49778429,64.8
5/1/2012,1341.27,16220.427,0.16,2.3,8.2,50.3218411,59.25
6/1/2012,1323.48,16221.474,0.16,2.2,8.2,48.19138029,57.17
7/1/2012,1359.78,16320.994,0.16,2.1,8.2,48.86875282,60.24
8/1/2012,1403.45,16271.275,0.13,1.9,8.1,52.32619566,63.61
9/1/2012,1443.42,16366.351,0.14,2,7.8,57.6271985,66.42
10/1/2012,1437.82,16334.586,0.16,2,7.8,60.67696199,65.65
11/1/2012,1394.51,16406.466,0.16,1.9,7.7,58.91997371,59.91
12/1/2012,1422.29,16520.107,0.16,1.9,7.9,59.08803162,62.19
1/1/2013,1480.4,16675.721,0.14,1.9,8,63.1818886,66.49
2/1/2013,1512.31,16576.771,0.15,2,7.7,68.21483195,68.61
3/1/2013,1550.83,16634.658,0.14,1.9,7.5,74.45346469,70.98
4/1/2013,1570.7,16651.468,0.15,1.7,7.6,80.07788106,72.16
5/1/2013,1639.84,16651.6,0.11,1.7,7.5,89.08734823,75.81
6/1/2013,1618.77,16795.585,0.09,1.6,7.5,93.45000943,72.68
7/1/2013,1668.68,16851.86,0.09,1.7,7.3,99.78451596,75.29
8/1/2013,1670.09,16935.008,0.08,1.8,7.2,103.7227816,75.36
9/1/2013,1687.17,16946.337,0.08,1.7,7.2,106.9887984,76.25
10/1/2013,1720.03,17049.158,0.09,1.7,7.2,110.9497085,77.92
11/1/2013,1783.54,17173.935,0.08,1.7,6.9,117.8549263,80.73
12/1/2013,1807.78,17176.249,0.09,1.7,6.7,123.8555963,81.69
1/1/2014,1822.36,17072.681,0.07,1.6,6.6,128.3085931,82.26
2/1/2014,1817.04,17164.112,0.07,1.6,6.7,129.9108146,81.26
3/1/2014,1863.52,17196.051,0.08,1.7,6.7,133.3934575,83.18
4/1/2014,1864.26,17354.71,0.09,1.8,6.2,134.6609019,83.21
5/1/2014,1889.77,17478.143,0.09,2,6.3,136.1543024,84.24
6/1/2014,1947.09,17555.257,0.1,1.9,6.1,140.3452652,86.26
7/1/2014,1973.1,17689.527,0.09,1.9,6.2,144.1042786,87.08
8/1/2014,1961.53,17797.976,0.09,1.7,6.1,144.4841976,84.68
9/1/2014,1993.23,17742.178,0.09,1.7,5.9,145.6640863,85.83
10/1/2014,1937.27,17845.437,0.09,1.8,5.7,140.4644654,75.09
11/1/2014,2044.57,17869.229,0.09,1.7,5.8,143.3494978,80.21
12/1/2014,2054.27,17842.954,0.12,1.6,5.6,144.7500275,80.59
1/1/2015,2028.18,17927.153,0.11,1.6,5.7,142.1164821,76.26
2/1/2015,2082.2,18058.492,0.11,1.7,5.5,142.7428897,78.8
3/1/2015,2079.99,17988.399,0.11,1.8,5.4,141.430669,78.43
4/1/2015,2094.86,18148.631,0.12,1.8,5.4,139.9770412,79.14
5/1/2015,2111.94,18179.278,0.12,1.7,5.6,138.6054862,79.96
6/1/2015,2099.29,18253.212,0.13,1.8,5.3,134.9422395,77.54
7/1/2015,2094.14,18275.342,0.13,1.8,5.2,130.123545,76.53
8/1/2015,2039.87,18284.05,0.14,1.8,5.1,120.5360943,66.64
9/1/2015,1944.41,18361.488,0.14,1.9,5,104.0358855,53.53
10/1/2015,2024.81,18355.291,0.12,1.9,5,96.33645247,60.57
11/1/2015,2080.62,18294.236,0.12,2,5.1,93.65836164,64.58
12/1/2015,2054.08,18346.71,0.24,2.1,5,88.37565958,61.38
1/1/2016,1918.6,18396.873,0.34,2.2,4.8,72.42213905,48.25
2/1/2016,1904.42,18361.614,0.38,2.3,4.9,57.96645044,47.12
3/1/2016,2021.95,18517.431,0.36,2.2,5,55.35579469,56.3
4/1/2016,2075.54,18604.683,0.37,2.1,5.1,56.95455961,59.73
5/1/2016,2065.55,18585.64,0.37,2.2,4.8,56.76117533,58.81
6/1/2016,2083.89,18644.528,0.38,2.2,4.9,57.42583237,60.03
7/1/2016,2148.9,18663.875,0.39,2.2,4.8,62.47813253,64.11
8/1/2016,2170.95,18776.173,0.4,2.3,4.9,67.4834602,65.4
9/1/2016,2157.69,18886.33,0.4,2.2,5,69.57819316,63.91
10/1/2016,2143.02,18859.048,0.4,2.1,4.9,69.25619542,62.23
11/1/2016,2164.99,18983.332,0.41,2.1,4.7,69.96726619,63.77
12/1/2016,2246.63,19061.743,0.54,2.2,4.7,76.23961774,68.86
1/1/2017,2275.12,19086.055,0.65,2.3,4.7,82.55773229,70.42
2/1/2017,2329.91,19133.204,0.66,2.2,4.6,90.93770543,73.2
3/1/2017,2366.82,19225.323,0.79,2,4.4,99.41127179,74.91
4/1/2017,2359.31,19173.94,0.9,1.9,4.4,104.3181255,73.88
5/1/2017,2395.35,19310.002,0.91,1.7,4.4,109.8487018,75.62
6/1/2017,2433.99,19429.576,1.04,1.7,4.3,116.0123305,77.36
7/1/2017,2454.1,19444.35,1.15,1.7,4.3,121.123523,78.23
8/1/2017,2456.22,19539.345,1.16,1.7,4.4,123.9168103,78.32
9/1/2017,2492.84,19701.993,1.15,1.7,4.3,127.6143795,79.95
10/1/2017,2557,19754.07,1.15,1.8,4.2,134.175217,82.43
11/1/2017,2593.61,19910.626,1.16,1.7,4.2,140.706868,83.67
12/1/2017,2664.34,20019.554,1.3,1.8,4.1,149.8630404,85.76
1/1/2018,2789.8,20050.98,1.41,1.8,4,165.337044,88.56
2/1/2018,2705.16,20203.258,1.42,1.8,4.1,168.8244594,77.49
3/1/2018,2702.77,20212.22,1.51,2.1,4,169.4421842,77.2
4/1/2018,2642.19,20359.917,1.69,2.1,4,163.162599,69.96
5/1/2018,2705.27,20489.74,1.7,2.2,3.8,161.415316,72.82
6/1/2018,2718.37,20560.934,1.82,2.3,4,159.2518855,73.38
7/1/2018,2816.29,20615.672,1.91,2.4,3.8,163.5533359,77.21
8/1/2018,2901.52,20711.583,1.91,2.2,3.8,171.8585368,79.91
9/1/2018,2913.98,20734.579,1.95,2.2,3.7,177.4009188,80.28
10/1/2018,2711.74,20816.635,2.19,2.1,3.8,163.5884726,60.8
11/1/2018,2760.17,20790.102,2.2,2.2,3.8,154.7658612,63.11
12/1/2018,2506.85,20851.07,2.27,2.2,3.9,125.8819821,47.39
1/1/2019,2704.1,20979.302,2.4,2.2,4,117.5526525,56.48
2/1/2019,2784.49,20997.386,2.4,2.1,3.8,116.1000706,59.55
3/1/2019,2834.4,21062.566,2.41,2,3.8,117.6203546,61.37
4/1/2019,2945.83,21201.47,2.42,2.1,3.6,126.3600603,65.14
5/1/2019,2752.06,21240.915,2.39,2,3.7,116.3099714,55.07
6/1/2019,2941.76,21374.959,2.38,2.1,3.6,122.243264,61.37
7/1/2019,2980.38,21491.413,2.4,2.2,3.7,128.5795671,62.52
8/1/2019,2926.46,21534.055,2.13,2.4,3.7,127.7773024,59.84
9/1/2019,2976.74,21570.05,2.04,2.4,3.5,129.703536,61.49
10/1/2019,3037.56,21623.709,1.83,2.3,3.6,134.5863283,63.46
11/1/2019,3140.98,21714.017,1.55,2.3,3.6,145.128159,66.58
12/1/2019,3230.78,21781.87,1.55,2.3,3.6,158.8970787,69.06
1/1/2020,3225.52,21778.245,1.55,2.3,3.5,167.4542997,68.74
2/1/2020,2954.22,21950.569,1.58,2.4,3.5,150.6081988,54.63
3/1/2020,2584.59,20885.282,0.65,2.1,4.4,106.2072002,41.99
4/1/2020,2912.43,18690.467,0.05,1.4,14.7,96.36223311,52.49
5/1/2020,3044.31,19512.223,0.05,1.2,13.2,98.07113661,55.95
6/1/2020,3100.29,20707.503,0.08,1.2,11,102.7580424,57.36
7/1/2020,3271.12,21101.363,0.09,1.6,10.2,118.8865521,61.44
8/1/2020,3500.31,21339.813,0.1,1.7,8.4,148.4509793,66.12
9/1/2020,3363,21646.108,0.09,1.7,7.9,158.9687388,61.32
10/1/2020,3269.96,21811.087,0.09,1.6,6.9,157.9755448,58.23
11/1/2020,3621.63,21587.55,0.09,1.6,6.7,183.4505575,65.33
12/1/2020,3756.07,21715.481,0.09,1.6,6.7,212.0435668,67.6
1/1/2021,3714.24,22216.744,0.09,1.4,6.3,228.6921802,66.15
2/1/2021,3811.15,22031.003,0.08,1.3,6.2,246.8604991,67.87
3/1/2021,3972.89,22693.803,0.07,1.6,6.1,271.1840482,70.56
4/1/2021,4181.17,22824.039,0.07,3,6.1,303.7654721,73.62
5/1/2021,4204.11,23081.212,0.06,3.8,5.8,327.6604855,73.94
6/1/2021,4297.5,23235.552,0.08,4.5,5.9,350.0975417,75.26
7/1/2021,4395.26,23323.144,0.1,4.3,5.4,371.4852349,76.6
8/1/2021,4522.68,23592.673,0.09,4,5.2,394.1730829,78.25
9/1/2021,4307.54,23735.443,0.08,4,4.8,390.2942963,69.36
10/1/2021,4605.38,24210.974,0.08,4.6,4.5,406.5668789,73.8
11/1/2021,4567,24313.985,0.08,4.9,4.2,411.6211601,72.34
12/1/2021,4766.18,24522.404,0.08,5.5,3.9,426.7792304,75.09
1/1/2022,4515.55,24522.253,0.08,6,4,413.7983541,66.19
2/1/2022,4373.79,24732.499,0.08,6.4,3.8,387.6040111,61.73
3/1/2022,4530.41,24966.687,0.2,6.5,3.6,375.1581411,64.57
4/1/2022,4131.93,24990.501,0.33,6.2,3.6,329.3442185,53.66
5/1/2022,4132.15,25230.76,0.77,6,3.6,289.714459,53.66
6/1/2022,3785.38,25524.167,1.21,5.9,3.6,227.7013488,45.85
7/1/2022,4130.29,25474.999,1.68,5.9,3.5,204.0348795,53.16
8/1/2022,3955,25886.812,2.33,6.3,3.7,169.1843423,49.5
9/1/2022,3585.62,25810.002,2.56,6.6,3.5,110.4855529,42.82
10/1/2022,3871.98,26048.494,3.08,6.3,3.7,86.08091093,48.61
11/1/2022,4080.11,26237.401,3.78,6,3.6,82.58244889,52.39
12/1/2022,3839.5,26088.924,4.1,5.7,3.5,59.70641797,48
1/1/2023,4076.6,26343.88,4.33,5.6,3.4,60.01714681,52.24
2/1/2023,3970.15,26343.88,4.57,5.5,3.6,51.08490135,50.26
3/1/2023,3916.64,26343.88,4.82,5.6,3.5,39.23593524,49.25
